answer_num,answers,mod,id,answer_title,answer_text
1,1,85,49,"Малые предприятия, участники ""Сколково"" и НКО","Субъекты малого предпринимательства, организации в статусе участников проекта «Сколково» и некоммерческие организации."
2,1,85,49,"Малые предприятия, участники ""Сколково"" и НКО","Субъекты малого предпринимательства, организации в статусе участников проекта «Сколково» и некоммерческие организации."
3,1,85,49,"Малые предприятия, участники ""Сколково"" и НКО","Субъекты малого предпринимательства, организации в статусе участников проекта «Сколково» и некоммерческие организации."
4,1,85,49,"Малые предприятия, участники ""Сколково"" и НКО","Субъекты малого предпринимательства, организации в статусе участников проекта «Сколково» и некоммерческие организации."
5,1,85,49,"Малые предприятия, участники ""Сколково"" и НКО","Субъекты малого предпринимательства, организации в статусе участников проекта «Сколково» и некоммерческие организации."
6,1,85,49,"Малые предприятия, участники ""Сколково"" и НКО","Субъекты малого предпринимательства, организации в статусе участников проекта «Сколково» и некоммерческие организации."
7,1,85,49,"Малые предприятия, участники ""Сколково"" и НКО","Субъекты малого предпринимательства, организации в статусе участников проекта «Сколково» и некоммерческие организации."
8,1,85,49,"Малые предприятия, участники ""Сколково"" и НКО","Субъекты малого предпринимательства, организации в статусе участников проекта «Сколково» и некоммерческие организации."
9,1,85,49,"Малые предприятия, участники ""Сколково"" и НКО","Субъекты малого предпринимательства, организации в статусе участников проекта «Сколково» и некоммерческие организации."
10,1,85,49,"Малые предприятия, участники ""Сколково"" и НКО","Субъекты малого предпринимательства, организации в статусе участников проекта «Сколково» и некоммерческие организации."
11,1,85,49,"Малые предприятия, участники ""Сколково"" и НКО","Субъекты малого предпринимательства, организации в статусе участников проекта «Сколково» и некоммерческие организации."
12,1,85,49,"Малые предприятия, участники ""Сколково"" и НКО","Субъекты малого предпринимательства, организации в статусе участников проекта «Сколково» и некоммерческие организации."
13,1,85,49,"Малые предприятия, участники ""Сколково"" и НКО","Субъекты малого предпринимательства, организации в статусе участников проекта «Сколково» и некоммерческие организации."
14,1,85,49,"Малые предприятия, участники ""Сколково"" и НКО","Субъекты малого предпринимательства, организации в статусе участников проекта «Сколково» и некоммерческие организации."
15,1,85,49,"Малые предприятия, участники ""Сколково"" и НКО","Субъекты малого предпринимательства, организации в статусе участников проекта «Сколково» и некоммерческие организации."
16,2,85,50,"Все плательщики, кроме банков и малых предприятий","Требования ПБУ 18/02 могут не исполнять:
кредитные организации, государственные и муниципальные учреждения;
организации, которые вправе применять упрощенные способы ведения бухучета, включая упрощенную бухгалтерскую (финансовую) отчетность."
17,2,85,50,"Все плательщики, кроме банков и малых предприятий","Требования ПБУ 18/02 могут не исполнять:
кредитные организации, государственные и муниципальные учреждения;
организации, которые вправе применять упрощенные способы ведения бухучета, включая упрощенную бухгалтерскую (финансовую) отчетность."
18,2,85,50,"Все плательщики, кроме банков и малых предприятий","Требования ПБУ 18/02 могут не исполнять:
кредитные организации, государственные и муниципальные учреждения;
организации, которые вправе применять упрощенные способы ведения бухучета, включая упрощенную бухгалтерскую (финансовую) отчетность."
19,2,85,50,"Все плательщики, кроме банков и малых предприятий","Требования ПБУ 18/02 могут не исполнять:
кредитные организации, государственные и муниципальные учреждения;
организации, которые вправе применять упрощенные способы ведения бухучета, включая упрощенную бухгалтерскую (финансовую) отчетность."
20,2,85,50,"Все плательщики, кроме банков и малых предприятий","Требования ПБУ 18/02 могут не исполнять:
кредитные организации, государственные и муниципальные учреждения;
организации, которые вправе применять упрощенные способы ведения бухучета, включая упрощенную бухгалтерскую (финансовую) отчетность."
21,2,85,50,"Все плательщики, кроме банков и малых предприятий","Требования ПБУ 18/02 могут не исполнять:
кредитные организации, государственные и муниципальные учреждения;
организации, которые вправе применять упрощенные способы ведения бухучета, включая упрощенную бухгалтерскую (финансовую) отчетность."
22,2,85,50,"Все плательщики, кроме банков и малых предприятий","Требования ПБУ 18/02 могут не исполнять:
кредитные организации, государственные и муниципальные учреждения;
организации, которые вправе применять упрощенные способы ведения бухучета, включая упрощенную бухгалтерскую (финансовую) отчетность."
23,2,85,50,"Все плательщики, кроме банков и малых предприятий","Требования ПБУ 18/02 могут не исполнять:
кредитные организации, государственные и муниципальные учреждения;
организации, которые вправе применять упрощенные способы ведения бухучета, включая упрощенную бухгалтерскую (финансовую) отчетность."
24,2,85,50,"Все плательщики, кроме банков и малых предприятий","Требования ПБУ 18/02 могут не исполнять:
кредитные организации, государственные и муниципальные учреждения;
организации, которые вправе применять упрощенные способы ведения бухучета, включая упрощенную бухгалтерскую (финансовую) отчетность."
25,3,85,51,Все плательщики налога на прибыль,"Перечислять авансовые платежи по налогу на прибыль можно одним из трех способов: 
ежемесячно исходя из прибыли, полученной в предыдущем квартале (п. 2 ст. 286 НК); 
ежемесячно исходя из фактической прибыли (п. 2 ст. 286 НК); 
ежеквартально (п. 3 ст. 286 НК)."
26,3,85,51,Все плательщики налога на прибыль,"Перечислять авансовые платежи по налогу на прибыль можно одним из трех способов: 
ежемесячно исходя из прибыли, полученной в предыдущем квартале (п. 2 ст. 286 НК); 
ежемесячно исходя из фактической прибыли (п. 2 ст. 286 НК); 
ежеквартально (п. 3 ст. 286 НК)."
27,3,85,51,Все плательщики налога на прибыль,"Перечислять авансовые платежи по налогу на прибыль можно одним из трех способов: 
ежемесячно исходя из прибыли, полученной в предыдущем квартале (п. 2 ст. 286 НК); 
ежемесячно исходя из фактической прибыли (п. 2 ст. 286 НК); 
ежеквартально (п. 3 ст. 286 НК)."
28,3,85,51,Все плательщики налога на прибыль,"Перечислять авансовые платежи по налогу на прибыль можно одним из трех способов: 
ежемесячно исходя из прибыли, полученной в предыдущем квартале (п. 2 ст. 286 НК); 
ежемесячно исходя из фактической прибыли (п. 2 ст. 286 НК); 
ежеквартально (п. 3 ст. 286 НК)."
29,3,85,51,Все плательщики налога на прибыль,"Перечислять авансовые платежи по налогу на прибыль можно одним из трех способов: 
ежемесячно исходя из прибыли, полученной в предыдущем квартале (п. 2 ст. 286 НК); 
ежемесячно исходя из фактической прибыли (п. 2 ст. 286 НК); 
ежеквартально (п. 3 ст. 286 НК)."
30,3,85,51,Все плательщики налога на прибыль,"Перечислять авансовые платежи по налогу на прибыль можно одним из трех способов: 
ежемесячно исходя из прибыли, полученной в предыдущем квартале (п. 2 ст. 286 НК); 
ежемесячно исходя из фактической прибыли (п. 2 ст. 286 НК); 
ежеквартально (п. 3 ст. 286 НК)."
31,3,85,51,Все плательщики налога на прибыль,"Перечислять авансовые платежи по налогу на прибыль можно одним из трех способов: 
ежемесячно исходя из прибыли, полученной в предыдущем квартале (п. 2 ст. 286 НК); 
ежемесячно исходя из фактической прибыли (п. 2 ст. 286 НК); 
ежеквартально (п. 3 ст. 286 НК)."
32,3,85,51,Все плательщики налога на прибыль,"Перечислять авансовые платежи по налогу на прибыль можно одним из трех способов: 
ежемесячно исходя из прибыли, полученной в предыдущем квартале (п. 2 ст. 286 НК); 
ежемесячно исходя из фактической прибыли (п. 2 ст. 286 НК); 
ежеквартально (п. 3 ст. 286 НК)."
33,3,85,51,Все плательщики налога на прибыль,"Перечислять авансовые платежи по налогу на прибыль можно одним из трех способов: 
ежемесячно исходя из прибыли, полученной в предыдущем квартале (п. 2 ст. 286 НК); 
ежемесячно исходя из фактической прибыли (п. 2 ст. 286 НК); 
ежеквартально (п. 3 ст. 286 НК)."
34,3,85,51,Все плательщики налога на прибыль,"Перечислять авансовые платежи по налогу на прибыль можно одним из трех способов: 
ежемесячно исходя из прибыли, полученной в предыдущем квартале (п. 2 ст. 286 НК); 
ежемесячно исходя из фактической прибыли (п. 2 ст. 286 НК); 
ежеквартально (п. 3 ст. 286 НК)."
35,3,85,51,Все плательщики налога на прибыль,"Перечислять авансовые платежи по налогу на прибыль можно одним из трех способов: 
ежемесячно исходя из прибыли, полученной в предыдущем квартале (п. 2 ст. 286 НК); 
ежемесячно исходя из фактической прибыли (п. 2 ст. 286 НК); 
ежеквартально (п. 3 ст. 286 НК)."
36,3,85,51,Все плательщики налога на прибыль,"Перечислять авансовые платежи по налогу на прибыль можно одним из трех способов: 
ежемесячно исходя из прибыли, полученной в предыдущем квартале (п. 2 ст. 286 НК); 
ежемесячно исходя из фактической прибыли (п. 2 ст. 286 НК); 
ежеквартально (п. 3 ст. 286 НК)."
37,3,85,51,Все плательщики налога на прибыль,"Перечислять авансовые платежи по налогу на прибыль можно одним из трех способов: 
ежемесячно исходя из прибыли, полученной в предыдущем квартале (п. 2 ст. 286 НК); 
ежемесячно исходя из фактической прибыли (п. 2 ст. 286 НК); 
ежеквартально (п. 3 ст. 286 НК)."
38,3,85,51,Все плательщики налога на прибыль,"Перечислять авансовые платежи по налогу на прибыль можно одним из трех способов: 
ежемесячно исходя из прибыли, полученной в предыдущем квартале (п. 2 ст. 286 НК); 
ежемесячно исходя из фактической прибыли (п. 2 ст. 286 НК); 
ежеквартально (п. 3 ст. 286 НК)."
39,3,85,51,Все плательщики налога на прибыль,"Перечислять авансовые платежи по налогу на прибыль можно одним из трех способов: 
ежемесячно исходя из прибыли, полученной в предыдущем квартале (п. 2 ст. 286 НК); 
ежемесячно исходя из фактической прибыли (п. 2 ст. 286 НК); 
ежеквартально (п. 3 ст. 286 НК)."
40,3,85,51,Все плательщики налога на прибыль,"Перечислять авансовые платежи по налогу на прибыль можно одним из трех способов: 
ежемесячно исходя из прибыли, полученной в предыдущем квартале (п. 2 ст. 286 НК); 
ежемесячно исходя из фактической прибыли (п. 2 ст. 286 НК); 
ежеквартально (п. 3 ст. 286 НК)."
41,3,85,51,Все плательщики налога на прибыль,"Перечислять авансовые платежи по налогу на прибыль можно одним из трех способов: 
ежемесячно исходя из прибыли, полученной в предыдущем квартале (п. 2 ст. 286 НК); 
ежемесячно исходя из фактической прибыли (п. 2 ст. 286 НК); 
ежеквартально (п. 3 ст. 286 НК)."
42,4,85,52,Организации - льготники,"1. Те, кто освобождены от этой обязанности полностью. Полный список тех, кто может не применять кассу, смотрите в таблице.
2. ИП без наемного персонала. Они могут не пробивать чеки только до 1 июля 2021 года, если получают плату: 
– за выполненные работы; 
– оказанные услуги; 
– проданную продукцию собственного производства."
43,4,85,52,Организации - льготники,"1. Те, кто освобождены от этой обязанности полностью. Полный список тех, кто может не применять кассу, смотрите в таблице.
2. ИП без наемного персонала. Они могут не пробивать чеки только до 1 июля 2021 года, если получают плату: 
– за выполненные работы; 
– оказанные услуги; 
– проданную продукцию собственного производства."
44,4,85,52,Организации - льготники,"1. Те, кто освобождены от этой обязанности полностью. Полный список тех, кто может не применять кассу, смотрите в таблице.
2. ИП без наемного персонала. Они могут не пробивать чеки только до 1 июля 2021 года, если получают плату: 
– за выполненные работы; 
– оказанные услуги; 
– проданную продукцию собственного производства."
45,4,85,52,Организации - льготники,"1. Те, кто освобождены от этой обязанности полностью. Полный список тех, кто может не применять кассу, смотрите в таблице.
2. ИП без наемного персонала. Они могут не пробивать чеки только до 1 июля 2021 года, если получают плату: 
– за выполненные работы; 
– оказанные услуги; 
– проданную продукцию собственного производства."
46,4,85,52,Организации - льготники,"1. Те, кто освобождены от этой обязанности полностью. Полный список тех, кто может не применять кассу, смотрите в таблице.
2. ИП без наемного персонала. Они могут не пробивать чеки только до 1 июля 2021 года, если получают плату: 
– за выполненные работы; 
– оказанные услуги; 
– проданную продукцию собственного производства."
47,4,85,52,Организации - льготники,"1. Те, кто освобождены от этой обязанности полностью. Полный список тех, кто может не применять кассу, смотрите в таблице.
2. ИП без наемного персонала. Они могут не пробивать чеки только до 1 июля 2021 года, если получают плату: 
– за выполненные работы; 
– оказанные услуги; 
– проданную продукцию собственного производства."
48,4,85,52,Организации - льготники,"1. Те, кто освобождены от этой обязанности полностью. Полный список тех, кто может не применять кассу, смотрите в таблице.
2. ИП без наемного персонала. Они могут не пробивать чеки только до 1 июля 2021 года, если получают плату: 
– за выполненные работы; 
– оказанные услуги; 
– проданную продукцию собственного производства."
49,4,85,52,Организации - льготники,"1. Те, кто освобождены от этой обязанности полностью. Полный список тех, кто может не применять кассу, смотрите в таблице.
2. ИП без наемного персонала. Они могут не пробивать чеки только до 1 июля 2021 года, если получают плату: 
– за выполненные работы; 
– оказанные услуги; 
– проданную продукцию собственного производства."
50,4,85,52,Организации - льготники,"1. Те, кто освобождены от этой обязанности полностью. Полный список тех, кто может не применять кассу, смотрите в таблице.
2. ИП без наемного персонала. Они могут не пробивать чеки только до 1 июля 2021 года, если получают плату: 
– за выполненные работы; 
– оказанные услуги; 
– проданную продукцию собственного производства."
51,4,85,52,Организации - льготники,"1. Те, кто освобождены от этой обязанности полностью. Полный список тех, кто может не применять кассу, смотрите в таблице.
2. ИП без наемного персонала. Они могут не пробивать чеки только до 1 июля 2021 года, если получают плату: 
– за выполненные работы; 
– оказанные услуги; 
– проданную продукцию собственного производства."
52,4,85,52,Организации - льготники,"1. Те, кто освобождены от этой обязанности полностью. Полный список тех, кто может не применять кассу, смотрите в таблице.
2. ИП без наемного персонала. Они могут не пробивать чеки только до 1 июля 2021 года, если получают плату: 
– за выполненные работы; 
– оказанные услуги; 
– проданную продукцию собственного производства."
53,4,85,52,Организации - льготники,"1. Те, кто освобождены от этой обязанности полностью. Полный список тех, кто может не применять кассу, смотрите в таблице.
2. ИП без наемного персонала. Они могут не пробивать чеки только до 1 июля 2021 года, если получают плату: 
– за выполненные работы; 
– оказанные услуги; 
– проданную продукцию собственного производства."
54,4,85,52,Организации - льготники,"1. Те, кто освобождены от этой обязанности полностью. Полный список тех, кто может не применять кассу, смотрите в таблице.
2. ИП без наемного персонала. Они могут не пробивать чеки только до 1 июля 2021 года, если получают плату: 
– за выполненные работы; 
– оказанные услуги; 
– проданную продукцию собственного производства."
55,4,85,52,Организации - льготники,"1. Те, кто освобождены от этой обязанности полностью. Полный список тех, кто может не применять кассу, смотрите в таблице.
2. ИП без наемного персонала. Они могут не пробивать чеки только до 1 июля 2021 года, если получают плату: 
– за выполненные работы; 
– оказанные услуги; 
– проданную продукцию собственного производства."
56,4,85,52,Организации - льготники,"1. Те, кто освобождены от этой обязанности полностью. Полный список тех, кто может не применять кассу, смотрите в таблице.
2. ИП без наемного персонала. Они могут не пробивать чеки только до 1 июля 2021 года, если получают плату: 
– за выполненные работы; 
– оказанные услуги; 
– проданную продукцию собственного производства."
57,4,85,52,Организации - льготники,"1. Те, кто освобождены от этой обязанности полностью. Полный список тех, кто может не применять кассу, смотрите в таблице.
2. ИП без наемного персонала. Они могут не пробивать чеки только до 1 июля 2021 года, если получают плату: 
– за выполненные работы; 
– оказанные услуги; 
– проданную продукцию собственного производства."
58,4,85,52,Организации - льготники,"1. Те, кто освобождены от этой обязанности полностью. Полный список тех, кто может не применять кассу, смотрите в таблице.
2. ИП без наемного персонала. Они могут не пробивать чеки только до 1 июля 2021 года, если получают плату: 
– за выполненные работы; 
– оказанные услуги; 
– проданную продукцию собственного производства."
59,5,85,53,"Все АО, страховые и кредитные компании и другие","В частности, обязательный аудит проводят: 

акционерные общества; 
профессиональные участники рынка ценных бумаг либо организации, ценные бумаги которых допущены к организованным торгам; 
страховые компании; 
негосударственные пенсионные фонды или управляющие компании НПФ; 
кредитные организации; 
публично-правовые компании."
60,5,85,53,"Все АО, страховые и кредитные компании и другие","В частности, обязательный аудит проводят: 

акционерные общества; 
профессиональные участники рынка ценных бумаг либо организации, ценные бумаги которых допущены к организованным торгам; 
страховые компании; 
негосударственные пенсионные фонды или управляющие компании НПФ; 
кредитные организации; 
публично-правовые компании."
61,5,85,53,"Все АО, страховые и кредитные компании и другие","В частности, обязательный аудит проводят: 

акционерные общества; 
профессиональные участники рынка ценных бумаг либо организации, ценные бумаги которых допущены к организованным торгам; 
страховые компании; 
негосударственные пенсионные фонды или управляющие компании НПФ; 
кредитные организации; 
публично-правовые компании."
62,5,85,53,"Все АО, страховые и кредитные компании и другие","В частности, обязательный аудит проводят: 

акционерные общества; 
профессиональные участники рынка ценных бумаг либо организации, ценные бумаги которых допущены к организованным торгам; 
страховые компании; 
негосударственные пенсионные фонды или управляющие компании НПФ; 
кредитные организации; 
публично-правовые компании."
63,5,85,53,"Все АО, страховые и кредитные компании и другие","В частности, обязательный аудит проводят: 

акционерные общества; 
профессиональные участники рынка ценных бумаг либо организации, ценные бумаги которых допущены к организованным торгам; 
страховые компании; 
негосударственные пенсионные фонды или управляющие компании НПФ; 
кредитные организации; 
публично-правовые компании."
64,5,85,53,"Все АО, страховые и кредитные компании и другие","В частности, обязательный аудит проводят: 

акционерные общества; 
профессиональные участники рынка ценных бумаг либо организации, ценные бумаги которых допущены к организованным торгам; 
страховые компании; 
негосударственные пенсионные фонды или управляющие компании НПФ; 
кредитные организации; 
публично-правовые компании."
65,5,85,53,"Все АО, страховые и кредитные компании и другие","В частности, обязательный аудит проводят: 

акционерные общества; 
профессиональные участники рынка ценных бумаг либо организации, ценные бумаги которых допущены к организованным торгам; 
страховые компании; 
негосударственные пенсионные фонды или управляющие компании НПФ; 
кредитные организации; 
публично-правовые компании."
66,5,85,53,"Все АО, страховые и кредитные компании и другие","В частности, обязательный аудит проводят: 

акционерные общества; 
профессиональные участники рынка ценных бумаг либо организации, ценные бумаги которых допущены к организованным торгам; 
страховые компании; 
негосударственные пенсионные фонды или управляющие компании НПФ; 
кредитные организации; 
публично-правовые компании."
67,5,85,53,"Все АО, страховые и кредитные компании и другие","В частности, обязательный аудит проводят: 

акционерные общества; 
профессиональные участники рынка ценных бумаг либо организации, ценные бумаги которых допущены к организованным торгам; 
страховые компании; 
негосударственные пенсионные фонды или управляющие компании НПФ; 
кредитные организации; 
публично-правовые компании."
68,5,85,53,"Все АО, страховые и кредитные компании и другие","В частности, обязательный аудит проводят: 

акционерные общества; 
профессиональные участники рынка ценных бумаг либо организации, ценные бумаги которых допущены к организованным торгам; 
страховые компании; 
негосударственные пенсионные фонды или управляющие компании НПФ; 
кредитные организации; 
публично-правовые компании."
69,5,85,53,"Все АО, страховые и кредитные компании и другие","В частности, обязательный аудит проводят: 

акционерные общества; 
профессиональные участники рынка ценных бумаг либо организации, ценные бумаги которых допущены к организованным торгам; 
страховые компании; 
негосударственные пенсионные фонды или управляющие компании НПФ; 
кредитные организации; 
публично-правовые компании."
70,5,85,53,"Все АО, страховые и кредитные компании и другие","В частности, обязательный аудит проводят: 

акционерные общества; 
профессиональные участники рынка ценных бумаг либо организации, ценные бумаги которых допущены к организованным торгам; 
страховые компании; 
негосударственные пенсионные фонды или управляющие компании НПФ; 
кредитные организации; 
публично-правовые компании."
71,5,85,53,"Все АО, страховые и кредитные компании и другие","В частности, обязательный аудит проводят: 

акционерные общества; 
профессиональные участники рынка ценных бумаг либо организации, ценные бумаги которых допущены к организованным торгам; 
страховые компании; 
негосударственные пенсионные фонды или управляющие компании НПФ; 
кредитные организации; 
публично-правовые компании."
72,5,85,53,"Все АО, страховые и кредитные компании и другие","В частности, обязательный аудит проводят: 

акционерные общества; 
профессиональные участники рынка ценных бумаг либо организации, ценные бумаги которых допущены к организованным торгам; 
страховые компании; 
негосударственные пенсионные фонды или управляющие компании НПФ; 
кредитные организации; 
публично-правовые компании."
73,5,85,53,"Все АО, страховые и кредитные компании и другие","В частности, обязательный аудит проводят: 

акционерные общества; 
профессиональные участники рынка ценных бумаг либо организации, ценные бумаги которых допущены к организованным торгам; 
страховые компании; 
негосударственные пенсионные фонды или управляющие компании НПФ; 
кредитные организации; 
публично-правовые компании."
74,5,85,53,"Все АО, страховые и кредитные компании и другие","В частности, обязательный аудит проводят: 

акционерные общества; 
профессиональные участники рынка ценных бумаг либо организации, ценные бумаги которых допущены к организованным торгам; 
страховые компании; 
негосударственные пенсионные фонды или управляющие компании НПФ; 
кредитные организации; 
публично-правовые компании."
75,5,85,53,"Все АО, страховые и кредитные компании и другие","В частности, обязательный аудит проводят: 

акционерные общества; 
профессиональные участники рынка ценных бумаг либо организации, ценные бумаги которых допущены к организованным торгам; 
страховые компании; 
негосударственные пенсионные фонды или управляющие компании НПФ; 
кредитные организации; 
публично-правовые компании."
76,5,85,53,"Все АО, страховые и кредитные компании и другие","В частности, обязательный аудит проводят: 

акционерные общества; 
профессиональные участники рынка ценных бумаг либо организации, ценные бумаги которых допущены к организованным торгам; 
страховые компании; 
негосударственные пенсионные фонды или управляющие компании НПФ; 
кредитные организации; 
публично-правовые компании."
77,5,85,53,"Все АО, страховые и кредитные компании и другие","В частности, обязательный аудит проводят: 

акционерные общества; 
профессиональные участники рынка ценных бумаг либо организации, ценные бумаги которых допущены к организованным торгам; 
страховые компании; 
негосударственные пенсионные фонды или управляющие компании НПФ; 
кредитные организации; 
публично-правовые компании."
78,5,85,53,"Все АО, страховые и кредитные компании и другие","В частности, обязательный аудит проводят: 

акционерные общества; 
профессиональные участники рынка ценных бумаг либо организации, ценные бумаги которых допущены к организованным торгам; 
страховые компании; 
негосударственные пенсионные фонды или управляющие компании НПФ; 
кредитные организации; 
публично-правовые компании."
79,6,85,54,Физические лица,"Предприниматели на общей системе налогообложения, лица, занимающиеся частной практикой (в том числе нотариусы и адвокаты, учредившие адвокатские кабинеты), налогоплательщики, не являющиеся ИП, иностранцы, не являющиеся ИП, уезжающий за пределы России в течение календарного года"
80,6,85,54,Физические лица,"Предприниматели на общей системе налогообложения, лица, занимающиеся частной практикой (в том числе нотариусы и адвокаты, учредившие адвокатские кабинеты), налогоплательщики, не являющиеся ИП, иностранцы, не являющиеся ИП, уезжающий за пределы России в течение календарного года"
81,6,85,54,Физические лица,"Предприниматели на общей системе налогообложения, лица, занимающиеся частной практикой (в том числе нотариусы и адвокаты, учредившие адвокатские кабинеты), налогоплательщики, не являющиеся ИП, иностранцы, не являющиеся ИП, уезжающий за пределы России в течение календарного года"
82,6,85,54,Физические лица,"Предприниматели на общей системе налогообложения, лица, занимающиеся частной практикой (в том числе нотариусы и адвокаты, учредившие адвокатские кабинеты), налогоплательщики, не являющиеся ИП, иностранцы, не являющиеся ИП, уезжающий за пределы России в течение календарного года"
83,6,85,54,Физические лица,"Предприниматели на общей системе налогообложения, лица, занимающиеся частной практикой (в том числе нотариусы и адвокаты, учредившие адвокатские кабинеты), налогоплательщики, не являющиеся ИП, иностранцы, не являющиеся ИП, уезжающий за пределы России в течение календарного года"
84,6,85,54,Физические лица,"Предприниматели на общей системе налогообложения, лица, занимающиеся частной практикой (в том числе нотариусы и адвокаты, учредившие адвокатские кабинеты), налогоплательщики, не являющиеся ИП, иностранцы, не являющиеся ИП, уезжающий за пределы России в течение календарного года"
85,6,85,54,Физические лица,"Предприниматели на общей системе налогообложения, лица, занимающиеся частной практикой (в том числе нотариусы и адвокаты, учредившие адвокатские кабинеты), налогоплательщики, не являющиеся ИП, иностранцы, не являющиеся ИП, уезжающий за пределы России в течение календарного года"
86,7,99999,120247,Организации на ОСНО и некоторые на УСН и ЕНВД,"Организации на общем режиме налогообложения, у которых есть на балансе облагаемые основные средства. Компании на УСН и ЕНВД отражают в декларации только те объекты недвижимости, налоговая база для которых – кадастровая стоимость. Организации на ЕСХН отражают в декларации все основные средства, которые не используются в сельскохозяйственной деятельности"
87,7,99999,120247,Организации на ОСНО и некоторые на УСН и ЕНВД,"Организации на общем режиме налогообложения, у которых есть на балансе облагаемые основные средства. Компании на УСН и ЕНВД отражают в декларации только те объекты недвижимости, налоговая база для которых – кадастровая стоимость. Организации на ЕСХН отражают в декларации все основные средства, которые не используются в сельскохозяйственной деятельности"
88,7,99999,120247,Организации на ОСНО и некоторые на УСН и ЕНВД,"Организации на общем режиме налогообложения, у которых есть на балансе облагаемые основные средства. Компании на УСН и ЕНВД отражают в декларации только те объекты недвижимости, налоговая база для которых – кадастровая стоимость. Организации на ЕСХН отражают в декларации все основные средства, которые не используются в сельскохозяйственной деятельности"
89,7,99999,120247,Организации на ОСНО и некоторые на УСН и ЕНВД,"Организации на общем режиме налогообложения, у которых есть на балансе облагаемые основные средства. Компании на УСН и ЕНВД отражают в декларации только те объекты недвижимости, налоговая база для которых – кадастровая стоимость. Организации на ЕСХН отражают в декларации все основные средства, которые не используются в сельскохозяйственной деятельности"
90,7,99999,120247,Организации на ОСНО и некоторые на УСН и ЕНВД,"Организации на общем режиме налогообложения, у которых есть на балансе облагаемые основные средства. Компании на УСН и ЕНВД отражают в декларации только те объекты недвижимости, налоговая база для которых – кадастровая стоимость. Организации на ЕСХН отражают в декларации все основные средства, которые не используются в сельскохозяйственной деятельности"
91,7,99999,120247,Организации на ОСНО и некоторые на УСН и ЕНВД,"Организации на общем режиме налогообложения, у которых есть на балансе облагаемые основные средства. Компании на УСН и ЕНВД отражают в декларации только те объекты недвижимости, налоговая база для которых – кадастровая стоимость. Организации на ЕСХН отражают в декларации все основные средства, которые не используются в сельскохозяйственной деятельности"
92,7,99999,120247,Организации на ОСНО и некоторые на УСН и ЕНВД,"Организации на общем режиме налогообложения, у которых есть на балансе облагаемые основные средства. Компании на УСН и ЕНВД отражают в декларации только те объекты недвижимости, налоговая база для которых – кадастровая стоимость. Организации на ЕСХН отражают в декларации все основные средства, которые не используются в сельскохозяйственной деятельности"
93,7,99999,120247,Организации на ОСНО и некоторые на УСН и ЕНВД,"Организации на общем режиме налогообложения, у которых есть на балансе облагаемые основные средства. Компании на УСН и ЕНВД отражают в декларации только те объекты недвижимости, налоговая база для которых – кадастровая стоимость. Организации на ЕСХН отражают в декларации все основные средства, которые не используются в сельскохозяйственной деятельности"
94,7,99999,120247,Организации на ОСНО и некоторые на УСН и ЕНВД,"Организации на общем режиме налогообложения, у которых есть на балансе облагаемые основные средства. Компании на УСН и ЕНВД отражают в декларации только те объекты недвижимости, налоговая база для которых – кадастровая стоимость. Организации на ЕСХН отражают в декларации все основные средства, которые не используются в сельскохозяйственной деятельности"
95,7,99999,120247,Организации на ОСНО и некоторые на УСН и ЕНВД,"Организации на общем режиме налогообложения, у которых есть на балансе облагаемые основные средства. Компании на УСН и ЕНВД отражают в декларации только те объекты недвижимости, налоговая база для которых – кадастровая стоимость. Организации на ЕСХН отражают в декларации все основные средства, которые не используются в сельскохозяйственной деятельности"
96,7,99999,120247,Организации на ОСНО и некоторые на УСН и ЕНВД,"Организации на общем режиме налогообложения, у которых есть на балансе облагаемые основные средства. Компании на УСН и ЕНВД отражают в декларации только те объекты недвижимости, налоговая база для которых – кадастровая стоимость. Организации на ЕСХН отражают в декларации все основные средства, которые не используются в сельскохозяйственной деятельности"
97,7,99999,120247,Организации на ОСНО и некоторые на УСН и ЕНВД,"Организации на общем режиме налогообложения, у которых есть на балансе облагаемые основные средства. Компании на УСН и ЕНВД отражают в декларации только те объекты недвижимости, налоговая база для которых – кадастровая стоимость. Организации на ЕСХН отражают в декларации все основные средства, которые не используются в сельскохозяйственной деятельности"
98,7,99999,120247,Организации на ОСНО и некоторые на УСН и ЕНВД,"Организации на общем режиме налогообложения, у которых есть на балансе облагаемые основные средства. Компании на УСН и ЕНВД отражают в декларации только те объекты недвижимости, налоговая база для которых – кадастровая стоимость. Организации на ЕСХН отражают в декларации все основные средства, которые не используются в сельскохозяйственной деятельности"
99,7,99999,120247,Организации на ОСНО и некоторые на УСН и ЕНВД,"Организации на общем режиме налогообложения, у которых есть на балансе облагаемые основные средства. Компании на УСН и ЕНВД отражают в декларации только те объекты недвижимости, налоговая база для которых – кадастровая стоимость. Организации на ЕСХН отражают в декларации все основные средства, которые не используются в сельскохозяйственной деятельности"
100,7,99999,120247,Организации на ОСНО и некоторые на УСН и ЕНВД,"Организации на общем режиме налогообложения, у которых есть на балансе облагаемые основные средства. Компании на УСН и ЕНВД отражают в декларации только те объекты недвижимости, налоговая база для которых – кадастровая стоимость. Организации на ЕСХН отражают в декларации все основные средства, которые не используются в сельскохозяйственной деятельности"
101,7,99999,120247,Организации на ОСНО и некоторые на УСН и ЕНВД,"Организации на общем режиме налогообложения, у которых есть на балансе облагаемые основные средства. Компании на УСН и ЕНВД отражают в декларации только те объекты недвижимости, налоговая база для которых – кадастровая стоимость. Организации на ЕСХН отражают в декларации все основные средства, которые не используются в сельскохозяйственной деятельности"
102,8,85,55,Все предприятия,Независимо от численности работников в штате
103,8,85,55,Все предприятия,Независимо от численности работников в штате
104,8,85,55,Все предприятия,Независимо от численности работников в штате
105,8,85,55,Все предприятия,Независимо от численности работников в штате
106,8,85,55,Все предприятия,Независимо от численности работников в штате
107,8,85,55,Все предприятия,Независимо от численности работников в штате
108,8,85,55,Все предприятия,Независимо от численности работников в штате
109,8,85,55,Все предприятия,Независимо от численности работников в штате
110,8,85,55,Все предприятия,Независимо от численности работников в штате
111,8,85,55,Все предприятия,Независимо от численности работников в штате
112,8,85,55,Все предприятия,Независимо от численности работников в штате
113,8,85,55,Все предприятия,Независимо от численности работников в штате
114,8,85,55,Все предприятия,Независимо от численности работников в штате
115,9,99999,118903,"Все работодатели, кроме религиозных организаций","Специальную оценку условий труда не проводят в отношении: 

надомников; 
дистанционных работников; 
людей, для которых работодатели – физические лица, не зарегистрированные как индивидуальные предприниматели."
116,9,99999,118903,"Все работодатели, кроме религиозных организаций","Специальную оценку условий труда не проводят в отношении: 

надомников; 
дистанционных работников; 
людей, для которых работодатели – физические лица, не зарегистрированные как индивидуальные предприниматели."
117,9,99999,118903,"Все работодатели, кроме религиозных организаций","Специальную оценку условий труда не проводят в отношении: 

надомников; 
дистанционных работников; 
людей, для которых работодатели – физические лица, не зарегистрированные как индивидуальные предприниматели."
118,9,99999,118903,"Все работодатели, кроме религиозных организаций","Специальную оценку условий труда не проводят в отношении: 

надомников; 
дистанционных работников; 
людей, для которых работодатели – физические лица, не зарегистрированные как индивидуальные предприниматели."
119,9,99999,118903,"Все работодатели, кроме религиозных организаций","Специальную оценку условий труда не проводят в отношении: 

надомников; 
дистанционных работников; 
людей, для которых работодатели – физические лица, не зарегистрированные как индивидуальные предприниматели."
120,9,99999,118903,"Все работодатели, кроме религиозных организаций","Специальную оценку условий труда не проводят в отношении: 

надомников; 
дистанционных работников; 
людей, для которых работодатели – физические лица, не зарегистрированные как индивидуальные предприниматели."
121,9,99999,118903,"Все работодатели, кроме религиозных организаций","Специальную оценку условий труда не проводят в отношении: 

надомников; 
дистанционных работников; 
людей, для которых работодатели – физические лица, не зарегистрированные как индивидуальные предприниматели."
122,9,99999,118903,"Все работодатели, кроме религиозных организаций","Специальную оценку условий труда не проводят в отношении: 

надомников; 
дистанционных работников; 
людей, для которых работодатели – физические лица, не зарегистрированные как индивидуальные предприниматели."
123,9,99999,118903,"Все работодатели, кроме религиозных организаций","Специальную оценку условий труда не проводят в отношении: 

надомников; 
дистанционных работников; 
людей, для которых работодатели – физические лица, не зарегистрированные как индивидуальные предприниматели."
124,9,99999,118903,"Все работодатели, кроме религиозных организаций","Специальную оценку условий труда не проводят в отношении: 

надомников; 
дистанционных работников; 
людей, для которых работодатели – физические лица, не зарегистрированные как индивидуальные предприниматели."
125,9,99999,118903,"Все работодатели, кроме религиозных организаций","Специальную оценку условий труда не проводят в отношении: 

надомников; 
дистанционных работников; 
людей, для которых работодатели – физические лица, не зарегистрированные как индивидуальные предприниматели."
126,9,99999,118903,"Все работодатели, кроме религиозных организаций","Специальную оценку условий труда не проводят в отношении: 

надомников; 
дистанционных работников; 
людей, для которых работодатели – физические лица, не зарегистрированные как индивидуальные предприниматели."
127,9,99999,118903,"Все работодатели, кроме религиозных организаций","Специальную оценку условий труда не проводят в отношении: 

надомников; 
дистанционных работников; 
людей, для которых работодатели – физические лица, не зарегистрированные как индивидуальные предприниматели."
128,9,99999,118903,"Все работодатели, кроме религиозных организаций","Специальную оценку условий труда не проводят в отношении: 

надомников; 
дистанционных работников; 
людей, для которых работодатели – физические лица, не зарегистрированные как индивидуальные предприниматели."
129,10,85,59,"Иностранные компании, ИП и адвокаты","Сдавать форму СЗВ-М должны: 

организации, в том числе иностранные, которые работают в России, и их обособленные подразделения; 
предприниматели, а также адвокаты, частные детективы и нотариусы."
130,10,85,59,"Иностранные компании, ИП и адвокаты","Сдавать форму СЗВ-М должны: 

организации, в том числе иностранные, которые работают в России, и их обособленные подразделения; 
предприниматели, а также адвокаты, частные детективы и нотариусы."
131,10,85,59,"Иностранные компании, ИП и адвокаты","Сдавать форму СЗВ-М должны: 

организации, в том числе иностранные, которые работают в России, и их обособленные подразделения; 
предприниматели, а также адвокаты, частные детективы и нотариусы."
132,10,85,59,"Иностранные компании, ИП и адвокаты","Сдавать форму СЗВ-М должны: 

организации, в том числе иностранные, которые работают в России, и их обособленные подразделения; 
предприниматели, а также адвокаты, частные детективы и нотариусы."
133,10,85,59,"Иностранные компании, ИП и адвокаты","Сдавать форму СЗВ-М должны: 

организации, в том числе иностранные, которые работают в России, и их обособленные подразделения; 
предприниматели, а также адвокаты, частные детективы и нотариусы."
134,10,85,59,"Иностранные компании, ИП и адвокаты","Сдавать форму СЗВ-М должны: 

организации, в том числе иностранные, которые работают в России, и их обособленные подразделения; 
предприниматели, а также адвокаты, частные детективы и нотариусы."
135,11,85,60,Директор,"Вместо директора подписать справку может другое лицо по доверенности. Например, главный бухгалтер или бухгалтер, который отвечает за расчет зарплаты."
136,11,85,60,Директор,"Вместо директора подписать справку может другое лицо по доверенности. Например, главный бухгалтер или бухгалтер, который отвечает за расчет зарплаты."
137,11,85,60,Директор,"Вместо директора подписать справку может другое лицо по доверенности. Например, главный бухгалтер или бухгалтер, который отвечает за расчет зарплаты."
138,11,85,60,Директор,"Вместо директора подписать справку может другое лицо по доверенности. Например, главный бухгалтер или бухгалтер, который отвечает за расчет зарплаты."
139,11,85,60,Директор,"Вместо директора подписать справку может другое лицо по доверенности. Например, главный бухгалтер или бухгалтер, который отвечает за расчет зарплаты."
140,11,85,60,Директор,"Вместо директора подписать справку может другое лицо по доверенности. Например, главный бухгалтер или бухгалтер, который отвечает за расчет зарплаты."
141,11,85,60,Директор,"Вместо директора подписать справку может другое лицо по доверенности. Например, главный бухгалтер или бухгалтер, который отвечает за расчет зарплаты."
142,11,85,60,Директор,"Вместо директора подписать справку может другое лицо по доверенности. Например, главный бухгалтер или бухгалтер, который отвечает за расчет зарплаты."
143,11,85,60,Директор,"Вместо директора подписать справку может другое лицо по доверенности. Например, главный бухгалтер или бухгалтер, который отвечает за расчет зарплаты."
144,11,85,60,Директор,"Вместо директора подписать справку может другое лицо по доверенности. Например, главный бухгалтер или бухгалтер, который отвечает за расчет зарплаты."
145,12,85,61,Установлен региональными законами,"Сроки по своему региону смотрите в таблице. При этом срок уплаты годовой суммы налога не может быть установлен ранее 1 февраля года, следующего за истекшим налоговым периодом"
146,12,85,61,Установлен региональными законами,"Сроки по своему региону смотрите в таблице. При этом срок уплаты годовой суммы налога не может быть установлен ранее 1 февраля года, следующего за истекшим налоговым периодом"
147,12,85,61,Установлен региональными законами,"Сроки по своему региону смотрите в таблице. При этом срок уплаты годовой суммы налога не может быть установлен ранее 1 февраля года, следующего за истекшим налоговым периодом"
148,12,85,61,Установлен региональными законами,"Сроки по своему региону смотрите в таблице. При этом срок уплаты годовой суммы налога не может быть установлен ранее 1 февраля года, следующего за истекшим налоговым периодом"
149,12,85,61,Установлен региональными законами,"Сроки по своему региону смотрите в таблице. При этом срок уплаты годовой суммы налога не может быть установлен ранее 1 февраля года, следующего за истекшим налоговым периодом"
150,12,85,61,Установлен региональными законами,"Сроки по своему региону смотрите в таблице. При этом срок уплаты годовой суммы налога не может быть установлен ранее 1 февраля года, следующего за истекшим налоговым периодом"
151,12,85,61,Установлен региональными законами,"Сроки по своему региону смотрите в таблице. При этом срок уплаты годовой суммы налога не может быть установлен ранее 1 февраля года, следующего за истекшим налоговым периодом"
152,13,85,26,Не менее 5 лет,"Документы, которые необходимы, чтобы рассчитать налоги, организация должна хранить четыре года."
153,13,85,26,Не менее 5 лет,"Документы, которые необходимы, чтобы рассчитать налоги, организация должна хранить четыре года."
154,13,85,26,Не менее 5 лет,"Документы, которые необходимы, чтобы рассчитать налоги, организация должна хранить четыре года."
155,13,85,26,Не менее 5 лет,"Документы, которые необходимы, чтобы рассчитать налоги, организация должна хранить четыре года."
156,13,85,26,Не менее 5 лет,"Документы, которые необходимы, чтобы рассчитать налоги, организация должна хранить четыре года."
157,13,85,26,Не менее 5 лет,"Документы, которые необходимы, чтобы рассчитать налоги, организация должна хранить четыре года."
158,13,85,26,Не менее 5 лет,"Документы, которые необходимы, чтобы рассчитать налоги, организация должна хранить четыре года."
159,13,85,26,Не менее 5 лет,"Документы, которые необходимы, чтобы рассчитать налоги, организация должна хранить четыре года."
160,13,85,26,Не менее 5 лет,"Документы, которые необходимы, чтобы рассчитать налоги, организация должна хранить четыре года."
161,13,85,26,Не менее 5 лет,"Документы, которые необходимы, чтобы рассчитать налоги, организация должна хранить четыре года."
162,14,85,28,За 3 полных календарных дня до отпуска,"Если срок заканчивается в нерабочий день, выплатите в последний рабочий день."
163,14,85,28,За 3 полных календарных дня до отпуска,"Если срок заканчивается в нерабочий день, выплатите в последний рабочий день."
164,14,85,28,За 3 полных календарных дня до отпуска,"Если срок заканчивается в нерабочий день, выплатите в последний рабочий день."
165,15,99999,120153,Зависит от периода,"6-НДФЛ подавайте в инспекцию в следующие сроки: 

по итогам I квартала – не позднее 30 апреля; 
по итогам полугодия – не позднее 31 июля; 
по итогам 9 месяцев – не позднее 31 октября; 
по итогам года – не позднее 1 апреля следующего года."
166,15,99999,120153,Зависит от периода,"6-НДФЛ подавайте в инспекцию в следующие сроки: 

по итогам I квартала – не позднее 30 апреля; 
по итогам полугодия – не позднее 31 июля; 
по итогам 9 месяцев – не позднее 31 октября; 
по итогам года – не позднее 1 апреля следующего года."
167,15,99999,120153,Зависит от периода,"6-НДФЛ подавайте в инспекцию в следующие сроки: 

по итогам I квартала – не позднее 30 апреля; 
по итогам полугодия – не позднее 31 июля; 
по итогам 9 месяцев – не позднее 31 октября; 
по итогам года – не позднее 1 апреля следующего года."
168,15,99999,120153,Зависит от периода,"6-НДФЛ подавайте в инспекцию в следующие сроки: 

по итогам I квартала – не позднее 30 апреля; 
по итогам полугодия – не позднее 31 июля; 
по итогам 9 месяцев – не позднее 31 октября; 
по итогам года – не позднее 1 апреля следующего года."
169,15,99999,120153,Зависит от периода,"6-НДФЛ подавайте в инспекцию в следующие сроки: 

по итогам I квартала – не позднее 30 апреля; 
по итогам полугодия – не позднее 31 июля; 
по итогам 9 месяцев – не позднее 31 октября; 
по итогам года – не позднее 1 апреля следующего года."
170,16,85,24,Зависит от вида дохода,"Вовремя перечисляйте НДФЛ в бюджет, иначе на сумму недоимки будут капать пени. Точные сроки уплаты смотрите в таблице"
171,16,85,24,Зависит от вида дохода,"Вовремя перечисляйте НДФЛ в бюджет, иначе на сумму недоимки будут капать пени. Точные сроки уплаты смотрите в таблице"
172,16,85,24,Зависит от вида дохода,"Вовремя перечисляйте НДФЛ в бюджет, иначе на сумму недоимки будут капать пени. Точные сроки уплаты смотрите в таблице"
173,16,85,24,Зависит от вида дохода,"Вовремя перечисляйте НДФЛ в бюджет, иначе на сумму недоимки будут капать пени. Точные сроки уплаты смотрите в таблице"
174,16,85,24,Зависит от вида дохода,"Вовремя перечисляйте НДФЛ в бюджет, иначе на сумму недоимки будут капать пени. Точные сроки уплаты смотрите в таблице"
175,16,85,24,Зависит от вида дохода,"Вовремя перечисляйте НДФЛ в бюджет, иначе на сумму недоимки будут капать пени. Точные сроки уплаты смотрите в таблице"
176,17,85,62,"Не позднее 30-го числа месяца, следующего за отчетным (расчетным) периодом","В 2019 году расчеты сдавайте: 
– за I квартал – не позднее 30 апреля; 
– полугодие – не позднее 30 июля; 
– девять месяцев – не позднее 30 октября. 

Расчет за 2019 год сдавайте не позднее 30 января 2020 года."
177,17,85,62,"Не позднее 30-го числа месяца, следующего за отчетным (расчетным) периодом","В 2019 году расчеты сдавайте: 
– за I квартал – не позднее 30 апреля; 
– полугодие – не позднее 30 июля; 
– девять месяцев – не позднее 30 октября. 

Расчет за 2019 год сдавайте не позднее 30 января 2020 года."
178,17,85,62,"Не позднее 30-го числа месяца, следующего за отчетным (расчетным) периодом","В 2019 году расчеты сдавайте: 
– за I квартал – не позднее 30 апреля; 
– полугодие – не позднее 30 июля; 
– девять месяцев – не позднее 30 октября. 

Расчет за 2019 год сдавайте не позднее 30 января 2020 года."
179,17,85,62,"Не позднее 30-го числа месяца, следующего за отчетным (расчетным) периодом","В 2019 году расчеты сдавайте: 
– за I квартал – не позднее 30 апреля; 
– полугодие – не позднее 30 июля; 
– девять месяцев – не позднее 30 октября. 

Расчет за 2019 год сдавайте не позднее 30 января 2020 года."
180,17,85,62,"Не позднее 30-го числа месяца, следующего за отчетным (расчетным) периодом","В 2019 году расчеты сдавайте: 
– за I квартал – не позднее 30 апреля; 
– полугодие – не позднее 30 июля; 
– девять месяцев – не позднее 30 октября. 

Расчет за 2019 год сдавайте не позднее 30 января 2020 года."
181,17,85,62,"Не позднее 30-го числа месяца, следующего за отчетным (расчетным) периодом","В 2019 году расчеты сдавайте: 
– за I квартал – не позднее 30 апреля; 
– полугодие – не позднее 30 июля; 
– девять месяцев – не позднее 30 октября. 

Расчет за 2019 год сдавайте не позднее 30 января 2020 года."
182,17,85,62,"Не позднее 30-го числа месяца, следующего за отчетным (расчетным) периодом","В 2019 году расчеты сдавайте: 
– за I квартал – не позднее 30 апреля; 
– полугодие – не позднее 30 июля; 
– девять месяцев – не позднее 30 октября. 

Расчет за 2019 год сдавайте не позднее 30 января 2020 года."
183,18,99999,123543,"Не позднее 25-го числа первого месяца, следующего за отчетным периодом","То есть не позднее 25 апреля, 25 июля и 25 октября."
184,18,99999,123543,"Не позднее 25-го числа первого месяца, следующего за отчетным периодом","То есть не позднее 25 апреля, 25 июля и 25 октября."
185,18,99999,123543,"Не позднее 25-го числа первого месяца, следующего за отчетным периодом","То есть не позднее 25 апреля, 25 июля и 25 октября."
186,18,99999,123543,"Не позднее 25-го числа первого месяца, следующего за отчетным периодом","То есть не позднее 25 апреля, 25 июля и 25 октября."
187,18,99999,123543,"Не позднее 25-го числа первого месяца, следующего за отчетным периодом","То есть не позднее 25 апреля, 25 июля и 25 октября."
188,18,99999,123543,"Не позднее 25-го числа первого месяца, следующего за отчетным периодом","То есть не позднее 25 апреля, 25 июля и 25 октября."
189,18,99999,123543,"Не позднее 25-го числа первого месяца, следующего за отчетным периодом","То есть не позднее 25 апреля, 25 июля и 25 октября."
190,18,99999,123543,"Не позднее 25-го числа первого месяца, следующего за отчетным периодом","То есть не позднее 25 апреля, 25 июля и 25 октября."
191,18,99999,123543,"Не позднее 25-го числа первого месяца, следующего за отчетным периодом","То есть не позднее 25 апреля, 25 июля и 25 октября."
192,18,99999,123543,"Не позднее 25-го числа первого месяца, следующего за отчетным периодом","То есть не позднее 25 апреля, 25 июля и 25 октября."
193,18,99999,123543,"Не позднее 25-го числа первого месяца, следующего за отчетным периодом","То есть не позднее 25 апреля, 25 июля и 25 октября."
194,18,99999,123543,"Не позднее 25-го числа первого месяца, следующего за отчетным периодом","То есть не позднее 25 апреля, 25 июля и 25 октября."
